INSERT INTO T_ROLE (ROLE_ID, ROLE_NAME)
VALUES (1, 'Administrator');
INSERT INTO T_PRIVILEGE (PRIVILEGE_ID, ROLE_ID, NAME)
VALUES (1, 1, 'ADMIN_LEVEL');
INSERT INTO T_USER (USER_ID, ROLE_ID, USER_NAME, PASSWORD, STATUS)
VALUES (1, 1, 'AkvaSoft', '$2a$10$TZD.jJ6RlJ/7OrTkEM0XJOD1XKvmDtYlrYKJo4gddsIQN/0.AyaI6', 'ACT');

INSERT INTO T_CLIENT (CLIENT_ID, NAME, ADDRESS_LINE_1, TEL, CITY, COUNTRY, REMARKS)
VALUES
(1, 'Amal', 'Kumara Kanda,Wackwella', '0715698569', 'Galle', 'Sri Lanka', 'New Clent'),
(2, 'Kumara', 'Vijayananda Street,Mahara', '0918569854', 'Colombo', 'Sri Lanka', 'Contract Base Client'),
(3, 'Shankar', 'Muththayya Street,Hydramani', '0915469123', 'Hydrabad', 'India', 'Foreign Client');


INSERT INTO T_CONSTRUCTION_SITE (CONSTRUCTION_SITE_ID, CLIENT_ID, PROJECT_ID, PROJECT_NAME, DESCRIPTION, ADDRESS_LINE_1,
                                 ADDRESS_LINE_2, CITY, COUNTRY, PROJECT_TYPE, VAT_ADDED)
VALUES
(1, 1, 'P0000001', 'Divi Naguma', 'Government Project', 'No 123/8,Mahamodara', '', 'Galle', 'Sri Lanka',
 'Building Project', 'No'),
(2, 2, 'P0000002', 'Sahanya', 'Private Project', 'No 123/8,Gall Face', '', 'Colombo', 'Sri Lanka', 'Road Project',
 'Yes'),
(3, 3, 'P0000003', 'Hambantota Express Way', 'Government Project', 'No 145/10,Dehiwala', '', 'Colombo', 'Sri Lanka',
 'Expressway Project',
 'Yes');



INSERT INTO T_JOB_TYPE (JOB_TYPE_ID, INSENTIVE_PERCENTAGE, JOB_TYPE, STATUS)
VALUES
  (1, 30.00, 'QA', 'ACT'),
  (2, 50.00, 'Supervisor', 'ACT'),
  (3, 80.00, 'Project Manager', 'ACT'),
  (4, 05.00, 'Worker', 'ACT'),
  (5, 70.00, 'Site Engineer', 'ACT');

INSERT INTO T_EMPLOYEE (EMPLOYEE_ID, SITE_ASSIGNED, TITLE, INITIALS, FIRST_NAME, SURNAME, FULL_NAME, NIC_NUMBER,
                        DATE_OF_BIRTH, ADDRESS_LINE_1, ADDRESS_LINE_2, CITY, COUNTRY, CONTACT_1, CONTACT_2, JOIN_DATE,
                        JOB_TYPE_ID, DESIGNATION, PER_DAY_WORK_HOUR, OVER_TIME_RATE_PER_HOUR, TOTAL_SALARY,
                        TOTAL_BASE_SALARY,
                        TOTAL_ALLOWANCE_SALARY, NO_PAY_DEDUCT, ETF, EPF, STATUS)
VALUES
(1, 1, 'MR', 'GK', 'Kumara', 'Perera', 'GK Kumara PereA', '955632145V', DATE '1995-06-05',
 '99B', 'Wakwella', 'Galle', 'Sri Lanka', '0715698745', '0915588963', DATE '2019-06-05', 1, 'Worker', 8, 10.00,
 30000.00, 8500.00, 1200.00, 300.00, 100.00, 200.00,
 'CURRENT'),
(2, 2, 'MR', 'MG', 'Deshan', 'Pradeep', 'MG Deshan Pradeep', '458963215v', DATE '1945-10-02',
 '59A', 'Ranna', 'Beliaththa', 'Sri Lanka', '0775896321', '0912365478', DATE '2019-08-03', 2, 'Site Manager', 5, 20.00,
 100000.00, 25000.00, 12000.00, 3000.00, 100.00, 200.00,
 'CURRENT'),
(3, 3, 'MR', 'HT', 'Namal', 'Yasanga', 'HT Namal Yasanga', '789654125v', DATE '1998-05-09',
 '99B', 'WAKWELLA', 'GALLE', 'SRI LANKA', '0715698745', '0915588963', DATE '2019-03-18', 1, 'Supervisor', 5, 30.00,
 50000.00, 1500.00, 4800.00, 1500.00, 100.00, 200.00,
 'CURRENT'),
(4, 1, 'MRS', 'AB', 'Kumari', 'Perepa', 'AB Kumari Perera', '938963215v', DATE '1993-10-02',
 '59A', 'Udugama', 'Neluwa', 'Sri Lanka', '0455896321', '0915665478', DATE '2019-08-03', 2, 'Secretary', 5, 20.00,
 100000.00, 25000.00, 12000.00, 3000.00, 100.00, 200.00,
 'CURRENT'),
(5, 1, 'MR', 'AC', 'Perera', '', 'AC  Perera', '868963215v', DATE '1993-10-02',
 '59A', 'Udugama', 'Neluwa', 'Sri Lanka', '0455896321', '0915665478', DATE '2019-08-03', 2, 'Team Lead', 5, 20.00,
 100000.00, 25000.00, 12000.00, 3000.00, 100.00, 200.00,
 'CURRENT');



INSERT INTO T_EMPLOYEE_SALARY (SALARY_TYPE_ID, EMPLOYEE_ID, DESCRIPTION, PER_HOUR, PER_DAY, AMOUNT, BASE, SALARY_TYPE,
                               STATUS)
VALUES
  (1, 1, 'Level 1 Worker', 0, 1, 200.00, 1, 'ALLOWANCE', 'ACT');

INSERT INTO T_JOB_TYPE_SALARY (JOB_TYPE_SALARY_ID, JOB_TYPE_ID, DESCRIPTION, AMOUNT, PER_HOUR, PER_DAY, SALARY_TYPE,
                               STATUS)
VALUES (1, 1, 'BASIC', 1000.00, 0, 1, 'BASE', 'ACT');
INSERT INTO T_JOB_TYPE_SALARY (JOB_TYPE_SALARY_ID, JOB_TYPE_ID, DESCRIPTION, AMOUNT, PER_HOUR, PER_DAY, SALARY_TYPE,
                               STATUS)
VALUES (2, 1, 'PAYMENT FOR TRAINING', 500.00, 1, 0, 'ALLOWANCE', 'ACT');

INSERT INTO T_LEAVE_TYPE (LEAVE_TYPE_ID, TYPE, DAY_PORTION, REDUCT_FROM, STATUS)
VALUES (1, 'SHORT', 0.25, 'CASUAL', 'ACT');
INSERT INTO T_LEAVE_TYPE (LEAVE_TYPE_ID, TYPE, DAY_PORTION, REDUCT_FROM, STATUS)
VALUES (2, 'HALF', 0.5, 'ANNUAL', 'ACT');
INSERT INTO T_LEAVE_TYPE (LEAVE_TYPE_ID, TYPE, DAY_PORTION, REDUCT_FROM, STATUS)
VALUES (3, 'LEAVE', 1, 'SICK', 'ACT');
INSERT INTO T_LEAVE_TYPE (LEAVE_TYPE_ID, TYPE, DAY_PORTION, REDUCT_FROM, STATUS)
VALUES (4, 'NOPAY', 1, 'SALARY', 'ACT');

INSERT INTO T_JOB_TYPE_LEAVE (JOB_TYPE_LEAVE_ID, JOB_TYPE_ID, LEAVE_TYPE_ID, TYPE, REDUCT_FROM, PORTION, AMOUNT, STATUS)
VALUES (1, 1, 1, 'SHORT', 'CASUAL', 0.25, 5, 'ACT');
INSERT INTO T_JOB_TYPE_LEAVE (JOB_TYPE_LEAVE_ID, JOB_TYPE_ID, LEAVE_TYPE_ID, TYPE, REDUCT_FROM, PORTION, AMOUNT, STATUS)
VALUES (2, 1, 2, 'HALF', 'ANNUAL', 0.5, 10, 'ACT');
INSERT INTO T_JOB_TYPE_LEAVE (JOB_TYPE_LEAVE_ID, JOB_TYPE_ID, LEAVE_TYPE_ID, TYPE, REDUCT_FROM, PORTION, AMOUNT, STATUS)
VALUES (3, 1, 3, 'LEAVE', 'SICK', 1, 15, 'ACT');

INSERT INTO T_EMPLOYEE_LEAVE (EMPLOYEE_LEAVE_ID, LEAVE_TYPE_ID, EMPLOYEE_ID, LEAVE_DATE, TYPE, COUNT, REDUCT_FROM,
                              PORTION, STATUS)
VALUES
  (1, 1, 1, DATE '2019-05-09', 'SHORT', 1, 'BASE', 0.25, 'YES');

/*T_EMPLOYEE_LEAVE_YEAR*/
INSERT INTO T_EMPLOYEE_LEAVE_YEAR (EMPLOYEE_LEAVE_YEAR_ID, LEAVE_TYPE_ID, EMPLOYEE_ID, TYPE, COUNT, YEAR, REDUCT_FROM,
                                   STATUS)
VALUES
  (1, 1, 1, 'SHORT', 1, 2019, 'BASE', 'ACT');
INSERT INTO T_EMPLOYEE_LEAVE_YEAR (EMPLOYEE_LEAVE_YEAR_ID, LEAVE_TYPE_ID, EMPLOYEE_ID, TYPE, COUNT, YEAR, REDUCT_FROM,
                                   STATUS)
VALUES
  (2, 2, 1, 'HALF', 5, 2019, 'BASE', 'ACT');
INSERT INTO T_EMPLOYEE_LEAVE_YEAR (EMPLOYEE_LEAVE_YEAR_ID, LEAVE_TYPE_ID, EMPLOYEE_ID, TYPE, COUNT, YEAR, REDUCT_FROM,
                                   STATUS)
VALUES
  (3, 3, 1, 'LEAVE', 4, 2019, 'BASE', 'ACT');
INSERT INTO T_EMPLOYEE_LEAVE_YEAR (EMPLOYEE_LEAVE_YEAR_ID, LEAVE_TYPE_ID, EMPLOYEE_ID, TYPE, COUNT, YEAR, REDUCT_FROM,
                                   STATUS)
VALUES
  (4, 1, 2, 'SHORT', 1, 2019, 'BASE', 'ACT');
INSERT INTO T_EMPLOYEE_LEAVE_YEAR (EMPLOYEE_LEAVE_YEAR_ID, LEAVE_TYPE_ID, EMPLOYEE_ID, TYPE, COUNT, YEAR, REDUCT_FROM,
                                   STATUS)
VALUES
  (5, 2, 2, 'HALF', 2, 2019, 'BASE', 'ACT');
INSERT INTO T_EMPLOYEE_LEAVE_YEAR (EMPLOYEE_LEAVE_YEAR_ID, LEAVE_TYPE_ID, EMPLOYEE_ID, TYPE, COUNT, YEAR, REDUCT_FROM,
                                   STATUS)
VALUES
  (6, 3, 1, 'LEAVE', 3, 2019, 'BASE', 'ACT');



INSERT INTO T_PAY_ROLL(PAY_ROLL_ID, EMPLOYEE_ID, MONTH, YEAR, PAYMENT_DATE, APPROVAL_STATUS,
                       APPROVAL_REQUESTED_BY, APPROVED_BY)
VALUES
  (1, 1, 6, 2019, DATE '2019-10-02', 'PEND', 1, 1);

INSERT INTO T_PAY_ROLL_DESCRIPTION(PAY_ROLL_DESCRIPTION_ID, PAY_ROLL_ID, SALARY_DESCRIPTION, AMOUNT,
                                   STATUS, SALARY_TYPE)
VALUES
  (1, 1, 'BASE SALARY', 10000.00, 'ACT', 'VARIABLE');

INSERT INTO T_EMPLOYEE_ATTENDENCE_SUMMARY(EMPLOYEE_ATTENDENCE_SUMMARY_ID, SUMMARY_DATE, INITIATED_BY, TOTAL_PRESENT,
                                          TOTAL_ABSENT, TOTAL_WAGE)
VALUES
  (1, DATE '2019-06-03', 1, 1, 1, 100000.00);

INSERT INTO T_EMPLOYEE_ATTENDENCE(EMPLOYEE_ATTENDENCE_ID, EMPLOYEE_ID, YEAR, MONTH, DATE_MARKED, ATTENDENCE_DATE,
                                  ARRIVAL_TIME, DEPARTURE_TIME, EXTRA_HOURS, WAGE_CALCULLATED, ARRIVAL_TIME_MARKED_BY,
                                  ARRIVAL_TIME_MARKED_TIME, DEPARTURE_TIME_MARKED_BY, DEPARTURE_TIME_MARKED_TIME,
                                  TOOK_LEAVE, LEAVE_TYPE, REDUCED_LEAVE_TYPE, REDUCED_PORTION, STATUS)
VALUES
(1, 1, 2019, 06, DATE '2019-06-03', DATE '2019-06-03', '07:10', '17:10', 5,
 100000.00, 1,
 '2019-06-03 15:26:59', 1, '2019-06-03 15:26:59', TRUE, 1, 1, 1, 'INIT');

INSERT INTO T_BANK (BANK_ID, NAME)
VALUES (1, 'NSB'), (2, 'Peoples'),
(3, 'BOC');



